{
  "year": 40,
  "tick_count": 40,
  "world_size": [
    100,
    100
  ],
  "active_civilizations": [
    {
      "id": "fe2e179a-7e57-469c-8b52-21cd6fd6279e",
      "name": "Aquila",
      "age": 40,
      "population": 148,
      "territory_size": 90,
      "technology": 20.25626293797537,
      "traits": [
        "religious",
        "expansionist",
        "trading"
      ],
      "belief_system": {
        "name": "Way of Flowing Water",
        "values": {
          "peace": 0.13363011386081375,
          "war": 0.08211716202593676,
          "knowledge": 0.1279161975614226,
          "tradition": 0.20017776884476912,
          "wealth": 0.2106744041301355,
          "spirituality": 0.2454843535769223
        },
        "foreign_stance": "open"
      },
      "resources": {
        "food": 26.78205995027235,
        "metal": 1435.3752011636134,
        "gold": 1470.7670382803706,
        "stone": 1425.2817769597143
      },
      "relations": {}
    },
    {
      "id": "1cfe20fa-623d-4e87-915b-9177822614b1",
      "name": "Mighty Confederation",
      "age": 40,
      "population": 65,
      "territory_size": 76,
      "technology": 22.17779309469859,
      "traits": [
        "trading",
        "weird",
        "religious"
      ],
      "belief_system": {
        "name": "Faith of Divine Wisdom",
        "values": {
          "peace": 0.19187880050150916,
          "war": 0.06145212096059095,
          "knowledge": 0.11073925346859799,
          "tradition": 0.1554237142601341,
          "wealth": 0.281138552696277,
          "spirituality": 0.19936755811289075
        },
        "foreign_stance": "open"
      },
      "resources": {
        "food": 10.683452337076886,
        "metal": 588.9363241769533,
        "gold": 575.2938043038612,
        "stone": 578.403684714448
      },
      "relations": {}
    },
    {
      "id": "0f8549ad-da76-4261-b22a-76583310c3c7",
      "name": "Lumina Realm",
      "age": 40,
      "population": 69,
      "territory_size": 37,
      "technology": 23.243172932617068,
      "traits": [
        "religious",
        "weird",
        "expansionist"
      ],
      "belief_system": {
        "name": "Order of Mighty Mountains",
        "values": {
          "peace": 0.22280295675611284,
          "war": 0.1737233934978826,
          "knowledge": 0.07119553216969533,
          "tradition": 0.23837812820093965,
          "wealth": 0.16871202451828096,
          "spirituality": 0.1251879648570887
        },
        "foreign_stance": "hostile"
      },
      "resources": {
        "food": 5.433991414581289,
        "metal": 347.5224742069127,
        "gold": 355.9567387009632,
        "stone": 370.0936514472467
      },
      "relations": {}
    },
    {
      "id": "4d9abb57-5221-453b-88c1-7e26ec9dab2f",
      "name": "Republic",
      "age": 40,
      "population": 88,
      "territory_size": 74,
      "technology": 17.160484739395756,
      "traits": [
        "aggressive",
        "expansionist",
        "weird"
      ],
      "belief_system": {
        "name": "Followers of Silver Moon",
        "values": {
          "peace": 0.14032487612792416,
          "war": 0.2774421688966539,
          "knowledge": 0.19924420396968567,
          "tradition": 0.12073534576244752,
          "wealth": 0.04110385377054782,
          "spirituality": 0.22114955147274087
        },
        "foreign_stance": "convert"
      },
      "resources": {
        "food": 11.049819729775743,
        "metal": 556.9662508593185,
        "gold": 564.9301215020994,
        "stone": 592.9984842436403
      },
      "relations": {}
    }
  ],
  "event_history": [
    {
      "year": 0,
      "description": "Civilization Aquila founded",
      "type": "general",
      "timestamp": 1746914062.8199546
    },
    {
      "year": 0,
      "description": "Civilization Nova founded",
      "type": "general",
      "timestamp": 1746914062.8222282
    },
    {
      "year": 0,
      "description": "Civilization Mighty Confederation founded",
      "type": "general",
      "timestamp": 1746914062.8228247
    },
    {
      "year": 0,
      "description": "Civilization Lumina Realm founded",
      "type": "general",
      "timestamp": 1746914062.8238475
    },
    {
      "year": 0,
      "description": "Civilization Republic founded",
      "type": "general",
      "timestamp": 1746914062.8274407
    },
    {
      "year": 9,
      "description": "Aquila: Expanded territory to 80 tiles",
      "type": "general",
      "timestamp": 1746914063.1442156
    },
    {
      "year": 39,
      "description": "Aquila: Expanded territory to 90 tiles",
      "type": "general",
      "timestamp": 1746914064.0874438
    },
    {
      "year": 40,
      "description": "Nova has collapsed due to starvation!",
      "type": "general",
      "timestamp": 1746914064.1219904
    }
  ],
  "civilization_history": [
    {
      "year": 0,
      "civilizations": [
        {
          "id": "fe2e179a-7e57-469c-8b52-21cd6fd6279e",
          "name": "Aquila",
          "population": 174,
          "age": 0,
          "territory_size": 77,
          "traits": [
            "religious",
            "expansionist",
            "trading"
          ],
          "belief_system": {
            "name": "Way of Flowing Water",
            "values": {
              "peace": 0.13363011386081375,
              "war": 0.08211716202593676,
              "knowledge": 0.1279161975614226,
              "tradition": 0.20017776884476912,
              "wealth": 0.2106744041301355,
              "spirituality": 0.2454843535769223
            },
            "foreign_stance": "open"
          },
          "technology": 19,
          "resources": {
            "food": 26.78205995027235,
            "metal": 1435.3752011636134,
            "gold": 1470.7670382803706,
            "stone": 1425.2817769597143
          }
        },
        {
          "id": "ba718a3c-4603-484e-b310-1624f24620ab",
          "name": "Nova",
          "population": 127,
          "age": 0,
          "territory_size": 32,
          "traits": [
            "trading",
            "weird",
            "isolationist"
          ],
          "belief_system": {
            "name": "Order of Unbounded Nature",
            "values": {
              "peace": 0.18591379965529417,
              "war": 0.21844125421373212,
              "knowledge": 0.08153381786360213,
              "tradition": 0.1593889186988183,
              "wealth": 0.1785329132683295,
              "spirituality": 0.17618929630022373
            },
            "foreign_stance": "hostile"
          },
          "technology": 13,
          "resources": {
            "food": 4.126819571951552,
            "metal": 306.893623783387,
            "gold": 282.53168125513497,
            "stone": 302.9184310051774
          }
        },
        {
          "id": "1cfe20fa-623d-4e87-915b-9177822614b1",
          "name": "Mighty Confederation",
          "population": 59,
          "age": 0,
          "territory_size": 75,
          "traits": [
            "trading",
            "weird",
            "religious"
          ],
          "belief_system": {
            "name": "Faith of Divine Wisdom",
            "values": {
              "peace": 0.19187880050150916,
              "war": 0.06145212096059095,
              "knowledge": 0.11073925346859799,
              "tradition": 0.1554237142601341,
              "wealth": 0.281138552696277,
              "spirituality": 0.19936755811289075
            },
            "foreign_stance": "open"
          },
          "technology": 21,
          "resources": {
            "food": 10.683452337076886,
            "metal": 588.9363241769533,
            "gold": 575.2938043038612,
            "stone": 578.403684714448
          }
        },
        {
          "id": "0f8549ad-da76-4261-b22a-76583310c3c7",
          "name": "Lumina Realm",
          "population": 75,
          "age": 0,
          "territory_size": 37,