{
  "year": 10,
  "tick_count": 10,
  "world_size": [
    100,
    100
  ],
  "active_civilizations": [
    {
      "id": "b20ef275-f327-4ece-89e1-296a44d2ac91",
      "name": "United Alliance",
      "age": 10,
      "population": 161,
      "territory_size": 41,
      "technology": 16.273866917545824,
      "traits": [
        "aggressive",
        "expansionist",
        "trading"
      ],
      "belief_system": {
        "name": "Order of Flowing Water",
        "values": {
          "peace": 0.19460257738591805,
          "war": 0.17896762605337563,
          "knowledge": 0.18157654456213673,
          "tradition": 0.19272049975731656,
          "wealth": 0.11866373406104011,
          "spirituality": 0.1334690181802129
        },
        "foreign_stance": "open"
      },
      "resources": {
        "food": 411.5098834055773,
        "metal": 213.29738155237843,
        "gold": 184.16198136814424,
        "stone": 215.07022558233123
      },
      "relations": {}
    },
    {
      "id": "95eecaa9-3bf3-4434-ade6-63c4cfa0fe1a",
      "name": "Aquila",
      "age": 10,
      "population": 122,
      "territory_size": 60,
      "technology": 21.984502172854196,
      "traits": [
        "isolationist",
        "trading",
        "tech_savvy"
      ],
      "belief_system": {
        "name": "Church of Golden Sun",
        "values": {
          "peace": 0.13518775885801332,
          "war": 0.19487056361265948,
          "knowledge": 0.12586693271792296,
          "tradition": 0.3034328119324224,
          "wealth": 0.2231868630640623,
          "spirituality": 0.017455069814919486
        },
        "foreign_stance": "neutral"
      },
      "resources": {
        "food": 349.5697791143217,
        "metal": 347.2437728118973,
        "gold": 289.6700060622935,
        "stone": 363.1332951481022
      },
      "relations": {}
    },
    {
      "id": "0961e801-020f-499f-8108-c05e0ce7f41f",
      "name": "Drakon Empire",
      "age": 10,
      "population": 113,
      "territory_size": 48,
      "technology": 24.928124153331307,
      "traits": [
        "peaceful",
        "weird",
        "tech_savvy"
      ],
      "belief_system": {
        "name": "Believers in Cosmic Balance",
        "values": {
          "peace": 0.174021450722413,
          "war": 0.28506458017255176,
          "knowledge": 0.11403126465397075,
          "tradition": 0.0145053178025674,
          "wealth": 0.22442272871334928,
          "spirituality": 0.18795465793514773
        },
        "foreign_stance": "convert"
      },
      "resources": {
        "food": 310.6492420895281,
        "metal": 286.7652755227317,
        "gold": 219.34216083386224,
        "stone": 291.48186539061334
      },
      "relations": {}
    },
    {
      "id": "9d994ddf-f140-430a-ae2c-63896cf2336f",
      "name": "Confederation",
      "age": 10,
      "population": 90,
      "territory_size": 77,
      "technology": 29.26771352368094,
      "traits": [
        "peaceful",
        "weird",
        "isolationist"
      ],
      "belief_system": {
        "name": "Faith of Silver Moon",
        "values": {
          "peace": 0.09000365558059772,
          "war": 0.23069998799553373,
          "knowledge": 0.03263983498011853,
          "tradition": 0.2627896688348382,
          "wealth": 0.32069693133036065,
          "spirituality": 0.06316992127855123
        },
        "foreign_stance": "open"
      },
      "resources": {
        "food": 293.2628834755264,
        "metal": 354.09525094883475,
        "gold": 360.1346359831665,
        "stone": 340.78790608702855
      },
      "relations": {}
    },
    {
      "id": "1696a7ca-b0a8-4d82-a2b4-81ecdba0607b",
      "name": "Rising Empire",
      "age": 10,
      "population": 83,
      "territory_size": 34,
      "technology": 28.310126805862843,
      "traits": [
        "aggressive",
        "isolationist",
        "trading"
      ],
      "belief_system": {
        "name": "Church of Eternal Light",
        "values": {
          "peace": 0.20127325843462576,
          "war": 0.09363440087823334,
          "knowledge": 0.1895942204191637,
          "tradition": 0.2027765440330217,
          "wealth": 0.11562180394865634,
          "spirituality": 0.19709977228629913
        },
        "foreign_stance": "neutral"
      },
      "resources": {
        "food": 273.77655489296745,
        "metal": 176.72919572540073,
        "gold": 152.51101459472244,
        "stone": 175.83162887165506
      },
      "relations": {}
    }
  ],
  "event_history": [
    {
      "year": 0,
      "description": "Civilization United Alliance founded",
      "type": "general",
      "timestamp": 1746961754.2301154
    },
    {
      "year": 0,
      "description": "Civilization Aquila founded",
      "type": "general",
      "timestamp": 1746961754.231054
    },
    {
      "year": 0,
      "description": "Civilization Drakon Empire founded",
      "type": "general",
      "timestamp": 1746961754.2344997
    },
    {
      "year": 0,
      "description": "Civilization Confederation founded",
      "type": "general",
      "timestamp": 1746961754.235549
    },
    {
      "year": 0,
      "description": "Civilization Rising Empire founded",
      "type": "general",
      "timestamp": 1746961754.2378304
    },
    {
      "year": 6,
      "description": "United Alliance: Expanded territory to 40 tiles",
      "type": "general",
      "timestamp": 1746961754.4241643
    },
    {
      "year": 10,
      "description": "Natural Disaster: Drought in region around (24, 6)",
      "type": "general",
      "timestamp": 1746961754.5427675
    },
    {
      "year": 10,
      "description": "Drakon Empire lost 24.7 food to Drought",
      "type": "general",
      "timestamp": 1746961754.542783
    }
  ],
  "civilization_history": [
    {
      "year": 0,
      "civilizations": [
        {
          "id": "b20ef275-f327-4ece-89e1-296a44d2ac91",
          "name": "United Alliance",
          "population": 152,
          "age": 0,
          "territory_size": 38,
          "traits": [
            "aggressive",
            "expansionist",
            "trading"
          ],
          "belief_system": {
            "name": "Order of Flowing Water",
            "values": {
              "peace": 0.19460257738591805,
              "war": 0.17896762605337563,
              "knowledge": 0.18157654456213673,
              "tradition": 0.19272049975731656,
              "wealth": 0.11866373406104011,
              "spirituality": 0.1334690181802129
            },
            "foreign_stance": "open"
          },
          "technology": 16,
          "resources": {
            "food": 411.5098834055773,
            "metal": 213.29738155237843,
            "gold": 184.16198136814424,
            "stone": 215.07022558233123
          }
        },
        {
          "id": "95eecaa9-3bf3-4434-ade6-63c4cfa0fe1a",
          "name": "Aquila",
          "population": 113,
          "age": 0,
          "territory_size": 60,
          "traits": [
            "isolationist",
            "trading",
            "tech_savvy"
          ],
          "belief_system": {
            "name": "Church of Golden Sun",
            "values": {
              "peace": 0.13518775885801332,
              "war": 0.19487056361265948,
              "knowledge": 0.12586693271792296,
              "tradition": 0.3034328119324224,
              "wealth": 0.2231868630640623,
              "spirituality": 0.017455069814919486
            },
            "foreign_stance": "neutral"
          },
          "technology": 21,
          "resources": {
            "food": 349.5697791143217,
            "metal": 347.2437728118973,