{
  "year": 30,
  "tick_count": 30,
  "world_size": [
    100,
    100
  ],
  "active_civilizations": [
    {
      "id": "1dc4a991-7bdc-4c22-bdc8-7ec38af188e5",
      "name": "Mighty Kingdom",
      "age": 30,
      "population": 138,
      "territory_size": 77,
      "technology": 22.890468803239166,
      "traits": [
        "aggressive",
        "isolationist",
        "trading"
      ],
      "belief_system": {
        "name": "Believers in Golden Sun",
        "values": {
          "peace": 0.22347099794766115,
          "war": 0.04237804402169985,
          "knowledge": 0.15969088982379254,
          "tradition": 0.2070668800166811,
          "wealth": 0.1517481160722994,
          "spirituality": 0.21564507211786588
        },
        "foreign_stance": "open"
      },
      "resources": {
        "food": 24.978755313211618,
        "metal": 898.634839962498,
        "gold": 837.1311471884105,
        "stone": 860.0924440990832
      },
      "relations": {}
    },
    {
      "id": "866cf666-fde7-43ba-845d-c850eeb15c35",
      "name": "Mighty Dominion",
      "age": 30,
      "population": 161,
      "territory_size": 77,
      "technology": 17.893876558754297,
      "traits": [
        "weird",
        "isolationist",
        "religious"
      ],
      "belief_system": {
        "name": "Way of Unbounded Nature",
        "values": {
          "peace": 0.004502444486163997,
          "war": 0.3230394327347776,
          "knowledge": 0.05689167683017517,
          "tradition": 0.2019884599645782,
          "wealth": 0.297240573168879,
          "spirituality": 0.11633741281542609
        },
        "foreign_stance": "open"
      },
      "resources": {
        "food": 21.067022670156522,
        "metal": 871.3869172701427,
        "gold": 829.6326438651495,
        "stone": 850.7622136497622
      },
      "relations": {}
    },
    {
      "id": "a4f39123-aed9-479e-a2d8-c52f8212e380",
      "name": "Sacred Tribes",
      "age": 30,
      "population": 111,
      "territory_size": 49,
      "technology": 17.84721511753136,
      "traits": [
        "religious",
        "aggressive",
        "expansionist"
      ],
      "belief_system": {
        "name": "Faith of Mighty Mountains",
        "values": {
          "peace": 0.14610144916367251,
          "war": 0.20535180512303616,
          "knowledge": 0.09592371356967462,
          "tradition": 0.200418507451913,
          "wealth": 0.17412939295715923,
          "spirituality": 0.17807513173454453
        },
        "foreign_stance": "neutral"
      },
      "resources": {
        "food": 7.496142746045595,
        "metal": 392.8080555572753,
        "gold": 396.6362203423291,
        "stone": 390.50423683201984
      },
      "relations": {}
    },
    {
      "id": "a32fbf6f-be90-48d7-814e-22e97ba9d57f",
      "name": "Eternal Dominion",
      "age": 30,
      "population": 115,
      "territory_size": 47,
      "technology": 11.88769214334621,
      "traits": [
        "weird",
        "isolationist",
        "aggressive"
      ],
      "belief_system": {
        "name": "Order of Silver Moon",
        "values": {
          "peace": 0.30362459958862514,
          "war": 0.05763190960896898,
          "knowledge": 0.12810336492109473,
          "tradition": 0.06488858793643089,
          "wealth": 0.1959953785385489,
          "spirituality": 0.24975615940633142
        },
        "foreign_stance": "convert"
      },
      "resources": {
        "food": 6.601136212755634,
        "metal": 285.19667881436396,
        "gold": 237.52215342419595,
        "stone": 272.18739576102263
      },
      "relations": {}
    }
  ],
  "event_history": [
    {
      "year": 0,
      "description": "Civilization Mighty Kingdom founded",
      "type": "general",
      "timestamp": 1746961565.9984565
    },
    {
      "year": 0,
      "description": "Civilization Zephyr founded",
      "type": "general",
      "timestamp": 1746961565.999214
    },
    {
      "year": 0,
      "description": "Civilization Mighty Dominion founded",
      "type": "general",
      "timestamp": 1746961566.0000675
    },
    {
      "year": 0,
      "description": "Civilization Sacred Tribes founded",
      "type": "general",
      "timestamp": 1746961566.006238
    },
    {
      "year": 0,
      "description": "Civilization Eternal Dominion founded",
      "type": "general",
      "timestamp": 1746961566.0069947
    },
    {
      "year": 30,
      "description": "Zephyr has collapsed due to starvation!",
      "type": "general",
      "timestamp": 1746961566.9973922
    }
  ],
  "civilization_history": [
    {
      "year": 0,
      "civilizations": [
        {
          "id": "1dc4a991-7bdc-4c22-bdc8-7ec38af188e5",
          "name": "Mighty Kingdom",
          "population": 132,
          "age": 0,
          "territory_size": 77,
          "traits": [
            "aggressive",
            "isolationist",
            "trading"
          ],
          "belief_system": {
            "name": "Believers in Golden Sun",
            "values": {
              "peace": 0.22347099794766115,
              "war": 0.04237804402169985,
              "knowledge": 0.15969088982379254,
              "tradition": 0.2070668800166811,
              "wealth": 0.1517481160722994,
              "spirituality": 0.21564507211786588
            },
            "foreign_stance": "open"
          },
          "technology": 22,
          "resources": {
            "food": 24.978755313211618,
            "metal": 898.634839962498,
            "gold": 837.1311471884105,
            "stone": 860.0924440990832
          }
        },
        {
          "id": "dded8445-6781-4d2c-8e83-2be19dcb758e",
          "name": "Zephyr",
          "population": 75,
          "age": 0,
          "territory_size": 35,
          "traits": [
            "trading",
            "religious",
            "peaceful"
          ],
          "belief_system": {
            "name": "Followers of Whispered Secrets",
            "values": {
              "peace": 0.04653708113262896,
              "war": 0.46896383111131307,
              "knowledge": 0.21470970587880128,
              "tradition": 0.006972527471405939,
              "wealth": 0.21470459812011966,
              "spirituality": 0.04811225628573103
            },
            "foreign_stance": "hostile"
          },
          "technology": 16,
          "resources": {
            "food": 4.666472032482847,
            "metal": 212.54387104968268,
            "gold": 186.02944515452666,
            "stone": 209.73532213786171
          }
        },
        {
          "id": "866cf666-fde7-43ba-845d-c850eeb15c35",
          "name": "Mighty Dominion",
          "population": 161,
          "age": 0,
          "territory_size": 77,
          "traits": [
            "weird",
            "isolationist",
            "religious"
          ],
          "belief_system": {
            "name": "Way of Unbounded Nature",
            "values": {
              "peace": 0.004502444486163997,
              "war": 0.3230394327347776,
              "knowledge": 0.05689167683017517,
              "tradition": 0.2019884599645782,
              "wealth": 0.297240573168879,
              "spirituality": 0.11633741281542609
            },
            "foreign_stance": "open"
          },
          "technology": 17,
          "resources": {
            "food": 21.067022670156522,
            "metal": 871.3869172701427,
            "gold": 829.6326438651495,
            "stone": 850.7622136497622
          }
        },
        {
          "id": "a4f39123-aed9-479e-a2d8-c52f8212e380",
          "name": "Sacred Tribes",
          "population": 114,
          "age": 0,